,hq_city,hq_country,number_branches,branch_names
1,Alexandria,USA,1,USA
2,"Loma Linda, CA",USA,1,USA
3,"El Paso, TX",USA,2,"USA, Canada"
4,"Houston, TX",USA,1,USA
5,"Peachtree City, GA",USA,10,"Australia, Canada, Europe, Hong Kong, Korea, Netherlands, New Zealand, South America, South Africa, USA"
6,Morristown,USA,1,USA
7,"Porter, TX",USA,1,USA
8,"Manchester, TN",USA,1,USA
9,Milan,Italy,1,Italy
10,Montreuil,France,6,"France, Burkina Faso, Chad, Niger (Niamey), Mali, DRC"
11,San Franciso,USA,1,USA
12,"Honolulu, HI",USA,1,USA only
13,"Ann Arbor, MI",USA,1,USA
14,"Valley Forge, PA",USA,1,USA
15,New York,USA,1,USA
16,"Minneapolis, MN",USA,11,"USA, Rwanda, South Sudan, Uganda, Sudan, Pakistan, Somalia, Thailand, Myanmar, Jordan, Democratic Republic of Congo (Kinshasa)"
17,Costa Mesa,USA,1,USA
18,Stamford,USA,7,"World Wide, Africa, Asia, Caribbean, Central America, South America, Eastern Europe, Europe"
19,Jonesport,USA,1,USA
20,Nairobi,Kenya,8,"USA, Ethiopia, South Africa, Uganda, South Sudan, Tanzania, Senegal"
21,Siem Reap,Cambodia,1,Cambodia
22,Managua,Nicaragua,1,Nicaragua
23,Tamil Nadu,India,1,India
24,Newport,USA,1,USA
25,London,UK,7,"International, Africa, Asia, Americas, Europe, Oceania, Middle East"
26,Sertoma,Mexico,1,Mexico
27,Boone,USA,1,USA
28,Breese,USA,1,USA
29,Okayama,Japan,33,"Afghanistan, Albania, Bosnia & Herzegovina, Bolivia, Cambodia, Canada, Colombia, Guyana, Honduras, India, Indonesia, Kazakhstan, Korea, Kosovo, Malaysia, Mongolia, Nepal, New Zealand, Pakistan, Peru, Philippines, Sri Lanka, Sudan, Taiwan, Uganda, Vietnam, Zambia, Hyogo, Kanagawa, Okinawa, Kamakura, Kochi"
30,Austin,USA,1,USA
31,Manly,Austrailia,1,Australia
32,Milan,Italy,5,"Italy, Africa, Eastern Europe, Middle East, Central/South America"
33,"Nashville, TN",USA,1,USA
34,"Rome, GA",USA,1,USA
35,"The Colony, TX",USA,1,USA
36,Hattiesburg,USA,1,USA
37,Little Rock,USA,1,USA
38,Cleveland,USA,1,USA
39,Verdugo City,USA,1,USA
40,Kingwood,USA,1,USA
41,"Berega, Tanzania",Tanzania,1,Tanzania
42,Kingston,Canada,4,"Canada, Kenya, UK, USA"
43,Onitsha,Nigeria,1,Nigeria
44,Bidada,India,1,India
45,Bethlehem,USA,1,USA
46,"Lebamba, Gabon",Gabon,1,Gabon
47,London,UK,1,UK
48,Teaneck,USA,1,USA
49,Laredo,USA,1,USA
50,Crossville,USA,1,USA
51,Tamil Nadu,India,1,India
52,Kodiak,USA,2,"USA, Cambodia"
53,Toronto,Canada,1,Canada
54,Vancouver,Canada,2,"Canada, Ethiopia"
55,"Toronto, ON",Canada,1,Canada
56,Tampa,USA,1,USA
57,"Corpus Christi, TX",USA,1,USA
58,"Franklin, OH",USA,1,USA
59,New York,USA,7,"World Wide, Africa, Asia, Caribbean, Central America, South America, Eastern Europe, Europe"
60,"Lancaster, PA",USA,1,USA
61,West Palm Beach,USA,1,USA
62,Denver,USA,1,USA
63,London,UK,1,UK
64,Paris,France,1,France
65,Washington,USA,1,USA
66,New York,USA,1,USA
67,Bismarck,USA,1,USA
68,"Silverdale, WA",USA,2,"USA, Canada"
69,"Missoula, MT",USA,1,USA
70,"Minneapolis, MN",USA,1,USA
71,"Minneapolis, MN",USA,1,USA
72,"Phnom Penh, Cambodia",Cambodia,1,Cambodia
73,Bensheim,Germany,10,"Australia, Canada, Germany, Ireland, Italy, New Zealand, Switzerland, UK, USA"
74,"Tank, Pakistan",Pakistan,1,Pakistan
75,"West Sussex, UK",UK,1,UK
76,"Denver, CO",USA,1,USA
77,"Cuenca, Ecuador",Ecuador,1,Ecuador
78,"Lima, Peru",Peru,1,Peru
79,"Bainbridge Island, WA ",USA,1,USA
80,"Kansas City, MO",USA,1,USA
81,"Zamora-Chinchipe, Ecuador",Ecuador,1,Ecuador
82,Geneva,Switzerland,1,Switzerland
83,"Vienna, VA",USA,1,USA
84,Dar es Salaam,Tanzania,1,Tanzania
85,Chicago,USA,1,USA
86,"The Villages, Florida",USA,1,USA
87,Arlington Heights,USA,1,USA
88,Ludlow,USA,1,USA
89,Raleigh,USA,1,USA
90,"Lemoyne, PA",USA,1,USA
91,"Rajasthan, India",India,1,India
92,"Havre de Grace, MD",USA,1,USA
93,"Bryon Center, Michigan",USA,1,USA
94,Stockport,UK,1,UK
95,"Edinburgh, UK",UK,1,UK
96,Hargeisa,Somalia,1,Somalia
97,San Franciso,USA,3,"USA, Italy, UK"
98,Assam,India,4,"Canada, UK, USA, India"
99,"Kerala, India",India,1,India
100,"Phoenix, AZ",USA,1,USA
101,not stated,UK,1,UK
102,"Amsterdam, Netherlands",,1,Netherlands
103,"Montesanto, WA",USA,2,"USA, Philippines"
104,"Chicago, IL",USA,1,USA
105,Wiltshire,UK,1,UK
106,London,UK,1,UK
107,"Houston, TX",USA,1,USA
108,"Poulton-Le-Fylde, Lancashire",UK,1,UK
109,"Indianapolis, Indiana",USA,1,USA
110,Tokyo,Japan,5,"Tokyo, Cambodia (2 offices), Vietnam, Nepal"
111,"San Antonio, TX",USA,1,USA
112,"Chicago, Illinois",USA,1,USA
113,Mbale Town,Uganda,1,Uganda
114,"New York, NY",USA,1,USA
115,"Glen, Iris",Australia,2,"Australia, Sri Lanka"
116,"Fairfield, Connecticutÿ",USA,1,USA
117,"New York, NY",USA,1,USA
118,Auckland,New Zealand,1,New Zealand
119,"Midlothian, VAÿ",USA,1,USA
120,"Westwood, MA",USA,1,USA
121,"New York, NY",USA,2,"USA, Japan"
122,Guatemala City,Guatemala,2,"USA (Friends of the Aldo Casta¤eda Foundation), Guatemala"
123,"New York, NY",USA,1,USA
124,"Fresh Meadows, New York",USA,1,USA
125,"La Conner, WA",USA,1,USA
126,"Singapore, Singapore",Singapore,1,Singapore
127,Washington,USA,4,"Offices in USA, Spain, Peru, Italy"
128,"Eden Prairie, MN",USA,1,USA
129,"Berkeley, CAÿ",USA,1,USA
130,"Minneapolis, MN",USA,1,USA
131,"Bristol, TN",USA,1,USA
132,"Newtown Square, PA",USA,1,USA
133,"Honolulu, HI",USA,1,USA
134,"Portland, Oregon",USA,1,USA
135,"Norwood, MA",USA,1,USA
136,"Wilmore, KY",USA,1,USA
137,"RAGLAN, Monmouthshire",UK,1,UK
138,"Riverside, CA",USA,1,USA
139,"Madison, Wisconsin",USA,1,USA
140,"St Louis, MO",USA,9,"Ethiopia, USA, UK, Australia, Sweden, Netherlands, Germany, Japan, New Zealand "
141,"Durham, NC",USA,1,USA
142,"Worcester, MA",USA,1,USA
143,"Westchester, NY",USA,1,USA
144,Limbe,Haiti,1,Haiti
145,"Colorado Springs, CO",USA,1,USA
146,"Caledonia, MIÿ",USA,2,"USA, Democratic Republic of the Congo (Kinshasa)"
147,"Port-au-Prince, Haiti",Haiti,2,"Haiti, USA"
148,"Spokane, Washington",USA,1,USA
149,Leicester,UK,1,UK
150,"Seattle, WA",USA,14,USA
151,"Lynchburg, VA",USA,1,USA
152,"Searcy, AR",USA,1,USA
153,"Washington, DC",USA,1,USA
154,"Newtown, PA",USA,1,USA
155,"Greenwich, CT",USA,1,USA
156,"Tampa, Florida",USA,1,USA
157,"Boston, MA",USA,1,USA
158,"Franklin, Tennessee",USA,1,USA
159,"Los Angeles, CA",USA,1,USA
160,"Long Beach, CA",USA,1,USA
161,"New York, NY",USA,1,USA
162,"New York, NY",USA,1,USA
163,"Irving, TX",USA,1,USA
164,"Addison, TX",USA,1,USA
165,"Omaha, NE",USA,1,USA
166,"Waterbury, Vermontÿ",USA,1,USA
167,"New York, NY",USA,1,USA
168,"Fullerton, CA",USA,1,USA
169,"Belfast, UK",UK,1,UK
170,"Tucker, GA",USA,1,Honduras
171,"Wayne, PA",USA,1, USA
172,"Pittsburgh, PAÿ",USA,1,USA
173,Gros Morne,Haiti,1,"Haiti, USA"
174,Altamirano Chiapas,Mexico,1,Mexico
175,"Sheffield, UK",UK,1,UK
176,"Berkeley, CAÿ",USA,1,USA
177,"Quito, Ecuador",Ecuador,1,Ecuador
178,"Houston, TX",USA,1,USA
179,Telangana,India,2,"India, USA"
180,Marseilles,France,1,France
181,"Hyderabad, India",India,1,India
182,Istanbul,Turkey,1,Istanbul
183,"Rancho Mirage, CA",USA,1,USA
184,"Minneapolis, MN",USA,1,USA
185,"New Windsor, MD",USA,1,USA
186,"San Diego, CA",USA,1,USA
187,"Thorverton, UK",UK,1,UK
188,"Kew Gardens, NY",USA,1,USA
189,"Worcester, MA",USA,1,USA
190,"New Orleans, LA",USA,1,USA
191,"Memphis, Tennesseeÿ",USA,1,USA
192,"Boise, Idaho",USA,1,USA
193,"Chicago, IL",USA,1,USA
194,Geneva,Switzerland,191,"Angola, Benin, Botswana, Burkina Faso, Burundi, Cameroon, Cape Verde, Central African Republic, Chad, Comoros, Democratic Republic of the Congo (Kinshasa), Congo(Brazzaville), Ivory Coast, Djibouti, Equatorial Guinea, Eritrea, Ethiopia, Gabon, Gambia, Ghana, Guinea (Conakry), Guinea-Bissau, Kenya, Lesotho, Liberia, Madagascar, Malawi, Mali, Mauritania, Mauritius, Mozambique, Namibia, Niger (Niamey), Nigeria, Rwanda, Sao Tome and Principe, Senegal, Seychelles, Sierra Leone, Somalia, South Africa, South Sudan, Sudan (Khartoum), Swaziland, Tanzania, Togo, Uganda, Zambia, Zimbabwe, United States of America, Antigua and Barbuda, Argentina, Barbados, Belize, Bolivia, Brazil, Canada, Chile, Colombia, Costa Rica, Cuba, Dominica (Roseau), Dominican Republic, Ecuador, Grenada, Guatemala, Guyana, Haiti, Honduras, Jamaica, Mexico, Nicaragua, Panama, Paraguay, Peru, Saint Kitts and Nevis, Saint Lucia, Saint Vincent & the Grenadines, El Salvador, Suriname, Bahamas, Trinidad and Tobago, Uruguay, Venezuela, Afghanistan, Australia, Bangladesh, Brunei, Cambodia, China, Cook Islands, Fiji,India, Indonesia, Japan, Kiribati, North Korea, South Korea, Laos, Malaysia, Maldives, Micronesia, Mongolia, Myanmar, Nepal, New Zealand, Pakistan, Palau, Papua New Guinea, Philippines, Samoa (Apia), Singapore, Solomon Islands, Sri Lanka, Thailand, East Timor, Tonga, Tuvalu, Vanuatu, Albania, Andorra, Armenia, Austria, Azerbaijan, Belarus, Belgium, Bosnia, England, Bulgaria, Croatia, Cyprus, Czech Republic, Denmark, Estonia, Finland, France, Georgia, Germany, Greece, Hungary, Iceland, Ireland, Italy, Kazakhstan, Kyrgystan, Latvia, Liechtenstein, Lithuania, Luxembourg, Macedonia, Malta, Moldova, Monaco, Montenegro, Netherlands, Norway, Poland, Portugal, San Marino, Romania, Russia, Serbia, Slovakia, Slovenia, Spain, Sweden, Switzerland, Tajikistan, Turkey, Turkmenistan, Ukraine, Uzbekistan, Algeria, Bahrain, Egypt, Iran, Iraq, Israel, Jordan, Kuwait, Lebanon, Libya, Morocco, Palestine, Qatar, Saudi Arabia, Syria, Tunisia, United Arab Emirates, Yemen"
195,"Trenton, NJ",USA,1,USA
196,"Erie, PA",USA,1,USA
197,"Los Angeles, CA",USA,2,"USA, UK"
198,"Rockville Centre, NY",USA,1,USA
199,"San Diego, CAÿ",USA,1,USA
200,"New York, NY",USA,1,USA
201,"Perrysburg, Ohio",USA,1,USA
202,"South Hamoton, New York",USA,2,"NY USA, Michigan USA"
203,"Pueblo, Colarado",USA,1,USA
204,"Salt Lake City, Utah",USA,1,USA
205,"Upper Darby, PA",USA,19,"Australia, Brazil, Canada, Germany, UK, Hong Kong, India, International, Malaysia, Netherlands, New Zealand, Pakistan, Scotland and Ireland, Singapore, South Korea, Switzerland, USA, "
206,"Sosua, Dominican Republic",Dominican Republic,1,Dominican Republic
207,Tokyo,Japan,1,Japan
208,"New York, New York",USA,2,"NY USA, Guaya Ecuador"
209,"Lagos, Nigeria",Nigeria,1,Nigeria
210,"Wantage, England",UK,1,UK
211,"London, England",UK,2,"Kashmir India, London England"
212,"Preston, UK",UK,1,UK
213,"Kijabe, Kenya",Kenya,1,Kenya
214,ÿKwajalein Atoll, Republic of the Marshall Islands,1,Marshall Islands
215,"Salem, North Caroliina",USA,1,USA
216,"Himachal Pradesh, India",India,1,India
217,"Kathmandu, Nepal",Nepal,1,Nepal
218,"Apple Valley, California",USA,1,USA
219,"Brussels, Belgum",Belgum,4,"Austria, Belgum, Czech Republic, The Netherlands"
220,"Sioux Falls, South Dakota",USA,2,"South Dakota USA, Los Cabos Mexico"
221,"Gastonia, North Carolina",USA,1,USA
222,Thailand,Thailand,1,Thailand
223,Slovakia,Slovakia,1,Slovakia
224,"Tauranga, NZ",New Zealand,1,New Zealand
225,"Maua, Kenya",Kenya,1,Kenya
226,Paris,France,15,"Germany, Argentina, Belgium, Canada, Spain, USA, France, Greece, Japan, Luxembourg, Netherlands, Portugal, UK, Sweden, Switzerland"
227,Geneva,Switzerland,24,"Australia, Austria, Belgium, Brazil, Canada, Denmark, East Africa Association, France, Germany, Greece, Holland, Hong Kong (China), Italy, Japan, Latin America, Luxembourg, Norway, South Asia Regional Association, Southern Africa, Spain, Sweden, Switzerland, United Kingdom, USA"
228,London,UK,1,UK
229,"Stafford, TX",USA,1,USA
230,"Baton Rouge, LA",USA,1,USA
231,"London, England",England/UK,1,UK
232,"Allen, Texas",USA,1,USA
233,"Manassas, Virginia",USA,1,USA
234,"Chicago, Illinois",USA,5,"USA, Europe, the Americas, East and Central Africa, West Africa"
235,"Woburn, Massachusetts",USA,1,USA
236,"Lenexa, KS",USA,1,USA
237,"Baltimore, MD",USA,1,USA
238,"Portland, Oregon",USA,1,USA
239,"Stratford, CT",USA,1,USA
240,"Broomfield, Colorado",USA,1,USA
241,"Burbank, California",USA,1,USA
242,"Kuala Lumpur, Malaysia",Malaysia,1,Malaysia
243,"Westervill, OH",USA,1,USA
244,"Garden Valley, TX",USA,16,"Denmark, New Zealand, Spain, Australia, France, Norway, Sweden, Belgium, Germany, Southern Africa, Switzerland, Canada, Holland, South Korea, United Kingdom"
245,"Lemon Grove, California",USA,1,USA
246,"Jupiter, Florida",USA,1,USA
247,"Cedar Park, TX",USA,2,"USA, Haiti"
248,"Seattle, Washington",USA,1,USA
249,"Louisville, KY",USA,1,USA
250,"Mseleni, South Africa",South Africa,1,South Africa
251,Hong Kong,China,13,"Australia, Canada, Hong Kong, Indonesia, South Korea, Malaysia, New Zealand, Philippines, Singapore, Taiwan, Thailand, UK, USA"
252,Mukinge,Zambia,1,Zambia
253,Nottingham,UK,1,UK
254,"Addis Abbaba, Ethiopia",Ethiopia,2,"Ethiopia, Korea"
255,Papua New Guinea,Papua New Guinea,1,Papua New Guinea
256,"Silver Spring, Maryland",USA,1,USA
257,Nepal,Nepal,1,Nepal
258,"Canton, OH",USA,1,USA
259,"Lancashire, England",England/UK,1,UK
260,"Zionsville, IN",USA,1,USA
261,"Waban, MA",USA,1,USA
262,"Dodoma, Tanzania",Tanzania,1,Tanzania
263,"Seattle, Washington",USA,1,USA
264,Wahroonga,Austrailia,1,Australia
265,"Jericho, New York",USA,1,USA
266,"Blackburn, Australia",Australia,1,Australia
267,"Calgary, Alberta",Canada,3,"Canada, Hyerbad India, USA"
268,"Austin, Texas",USA,1,USA
269,UK,UK,1,UK
270,"Lake Forest, California",USA,1,USA
271,"Oakland, California",USA,1,USA
272,"Virginia Beach, Virginia",USA,40,"USA, Australia, Canada, Ireland, Italy, Russia, Sweden, United Arab Emirates, United Kingdom, Bolivia, Brazil, Cambodia, China, Colombia, Democratic Republic of the Congo, Dominican Republic, Ecuador, Egypt, Ethiopia, Ghana, Guatemala, Haiti, Honduras, India, Jordan, Kenya, Madagascar, Mexico, Morocco, Nicaragua, Panama, Paraguay, Peru, Philippines, Rwanda, South Africa, Thailand, Venezuela, Vietnam, Palestine"
273,"Pittsburg, Pensylvania",USA,2,"USA, Canada"
274,Lucon,France,2,"France, Cameroon"
275,"East Norwich, New York",USA,1,USA
276,UK ( no good info),UK,1,UK
277,"Kent, Ohio",USA,1,USA
278,"Charleston, SC",USA,1,USA
279,"Fayetteville, North Carolina",USA,1,USA
280,"Mclean, Virginia",USA,1,USA
281,"Grand Rapids, MI",USA,1,USA
282,"Boston, Massechusets",USA,1,USA
283,"Romeoville, Illinois",USA,1,USA
284,"Kathmandu, Nepal",Nepal,1,Nepal
285,"Arequipa, Argentina",Argentina,1,Argentina
286,"Novi, MI",USA,12,USA
287,"Norfolk, Virginia",USA,1,USA
288,"Boston, USA",USA,1,USA
289,Gujarat,India,1,India
290,"New York, New York",USA,2,"USA, Nepal"
291,"Marietta, GA",USA,2,"USA, Honduras"
292,"Hewitt, Texas",USA,1,USA
293,"Edwardsville, Illinois",USA,1,USA
294,"London, England",UK,1,UK
295,"Millwood, VA",USA,1,USA
296,"Miami, Florida",USA,1,USA
297,"New York, NY",USA,9,"USA, Canada, UK, Ireland, China, Macau, China, Taiwan, South Africa"
298,"Nashville, TN",USA,1,USA
299,Tamil Nadu,India,1,India
300,"Woodside, CA",USA,1,USA
301,"Rockford, Tennesee.",USA,1,USA 
302,"Colorado Springs, CO",USA,1,USA 
303,"Waco, TX",USA,1,USA
304,"Sunnyvale, CA",USA,1,USA 
305,"New York, NY",USA,10,"Canada, USA, New Zealand, Australia, UK, Cambodia, Malaysia, Singapore, Sri Lanka, Vietnam"
306,Portoviejo,Ecuador,1,Ecuador
307,"San Francisco, CA",USA,1,USA 
308,"East Melbourne, VIC",Australia,1,Australia 
309,"Baltimore, MD",USA,1,USA 
310,"Kolkata, West Bengal",India,1,India 
311,"Fremont, CA",USA,2,"USA, Canada"
312,"Dallax, TX",USA,1,USA
313,"Boone, North Carolina",USA,4,"USA, Australia, Canada, UK"
314,"Milpitas, CA",USA,1,"USA- 4 chapters in US - Los Angeles, New Jersey, New York, Seattle"
315,Tamil Nadu,India,13,India
316,Medellin,Colombia,1,Colombia 
317,Holon,Israel,11,"Israel, Canada, USA, UK, Holland, Switzerland, Australia, South Africa, Kenya, China, Vietnam"
318,"Miami, FL",USA,3,"USA, Dominican Republic, Venezuela"
319,"St. Paul, Minnessota",USA,1,USA 
320,"Kathmandu, Nepal",Nepal,1,Nepal
321,London,UK,1,UK 
322,"Arusha, Tanzania",Tanzania,1,Tanzania
323,"Berkeley, CA",USA,1,USA 
324,Melksham,UK,7,"UK, India, Ireland, Italy, Middle East, USA, Sweden"
325,"Charlotte, NC",USA,13,"USA, Australia, Brazil, Canada, East Asia, France, Korea, Latin America, New Zealand, Southern Africa, Switzerland, United Kingdom, West Africa"
326,Wakefield,UK,1,UK 
327,"Ashville, NC",USA,1,USA 
328,"New York, NY",USA,14,"USA, China, India, Philippines, Latin America, Mexico, Brazil, Africa, Indonesia, Vietnam, Canada, Middle East and North Africa, Bangladesh"
329,"Carlsbad, CA",USA,1,USA 
330,"New York, NY",USA,1,USA 
331,"Seabrook Island, SC",USA,1,USA 
332,"Wheaton, IL",USA,1,USA
333,"Indianapolis, IN",USA,1,USA
334,Milano,Italy,1,Italy 
335,"Evanston, IL",USA,1,USA 
336,Vunapope,Papa New Guinea,1,Papua New Guinea
337,"Newton Upper Falls, MA",USA,1,USA 
338,"New York, NY",USA,1,USA 
339,"Kansas City, KS",USA,1,USA
340,"Santa Barbara, CA",USA,1,USA 
341,"Beverly Hills, CA",USA,1,USA 
342,"Richland, WA",USA,1,USA
343,"Dallas, TX",USA,1,USA
344,"Nairobi, Kenya",Kenya,1,Kenya
345,"Tucson, AZ",USA,1,USA 
346,"Glenshaw, PA",USA,1,USA 
347,"Overland Park, KS",USA,3,"USA, Jordan, Turkey"
348,"Carol Stream, Il",USA,2,"USA, Canada"
349,"Boston, MA",USA,1,USA 
350,"Bomet, Kenya/Marion, Indiana",USA,1,USA
351,Lausanne,Switzerland,2,"Switzerland, Belgium"
352,London,UK,1,UK
353,Buckinghamshire,UK,1,UK 
354,Bangkok,Thailand,1,Thailand 
355,"Fruitvale, TX",USA,1,USA
356,"Biloxi, MS",USA,1,USA
357,"Sydney, NSW",Australia,2,"Australia (6 regional offices), UK"
358,"Middlesex, UK",UK,1,UK
359,"Sagle, ID",USA,1,USA
360,"Sioux Falls, South Dakota",USA,1,USA
361,"Chelsea, ME",USA,1,USA 
362,"Newport Beach, CA",USA,1,USA 
363,"Bonita, CA",USA,1,USA 
364,"Winona Lake, IN",USA,1,USA
365,"Karnataka, India",India,1,India
366,"Alhambra, CA",USA,47,"Republic of China, China, Hong Kong, Japan, Korea, Singapore, Malaysia, Philippines, Vietnam, Indonesia, Indida, Cambodia, Sri Lanak, Thailand, Burma, Brunei, Turkey, Jordan, USA, Canada, Mexico, Brazil Haiti, Paraguay, Guatemala, Dominican Republic, Honduras, Argentina, Bolivia, El Salvador, Chile, Saint Maarten, Costa Rica, Austra, UK, France, Germany, Netherlands, Denmark, Norway, Sweden, Zimbabwe, South Africa, Mozambique, Lesotho, New Zealand, Australia"
367,Carnforth,UK,1,UK 
368,"New Haven, CT",USA,1,USA 
369,"New York, NY",USA,1,USA 
370,"Birmingham, AL",USA,1,USA 
371,"Kathmandu, Nepal",Nepal,1,Nepal
372,"Denver, CO",USA,1,USA 
373,"Charlottesville, VA",USA,1,USA 
374,"New York, NY",USA,1,USA 
375,Ho Chi Minh City,Vietnam,2,"Vietnam, USA"
376,"Cleveland, OH",USA,1,USA
377,"Seneca, SC",USA,1,USA 
378,Sandton,South Africa,1,South Africa 
379,"San Diego, CA",USA,1,USA
380,"Denison, Texas",USA,1,USA 
381,England and Wales (not specified),UK,1,UK 
382,Paris,France,1,France
383,"Mount Airy, NC",USA,1,USA 
384,"Menlo Park, CA",USA,1,USA 
385,"Dallax, TX",USA,1,USA 
386,"Richmond, Virginia",USA ,2,"USA branches: Virigina (central) and St. Louis, MO"
387,"Camp Hill, PA",USA,1,USA 
388,"Villanova, PA",USA,1,USA 
389,Litteton,USA,1,USA
390,"Schaumburg, IL",USA,1,USA 
391,"New York, NY",USA,1,USA
392,"New York, NY",USA,1,USA
393,"Baltimore, MD",USA,1,USA
394,"Miami, FL",USA,1,USA
395,"Omaha, NB",USA,1,USA
396,"West Sussex, UK",UK,14,"Bangladesh, Cambodia, East Africa, East Mediterranean, India, Nepal, Norway, Pakistan, Philippines, Singapore, Sri Lanka, Switzerland, Thailand, UK, Zanzibar"
397,"New York, NY",USA,1,USA
398,"Colonia, NJ",USA,2,"USA, Canada"
399,"Denver, CO",USA,1,USA
400,"New York, NY",USA,1,USA
401,"Los Angeles, CA",USA,2,"USA, Democratic Republic of Congo (Kinshasa)"
402,"London, UK",UK,1,UK
403,"Hamburg, Germany",Germany,1,Germany
